date;clock;attendance;Home Team;Goals Home;Away Team;Away Goals;home_possessions (%);away_possessions (%);home_shots;away_shots;home_on;away_on;home_off;away_off;home_blocked;away_blocked;home_pass (%);away_pass (%);home_chances;away_chances;home_corners;away_corners;home_offside;away_offside;home_tackles_won (%);away_tackles_won (%);home_aerial_duels (%);away_aerial_duels (%);home_saves;away_saves;home_fouls;away_fouls;home_yellow;away_yellow;home_red;away_red
05.08.2022;20:00:00;25286;Crystal Palace;0;Arsenal;2;56.3;43.7;10;10;2;2;2;4;6;4;86.7;82.2;2;1;3;5;1;2;50;55.2;41.7;58.3;1;2;16;11;1;2;0;0
06.08.2022;15:00:00;36347;Leeds United;2;Wolverhampton Wanderers;1;40.1;59.9;12;15;4;6;5;6;3;3;75.8;84.8;2;1;6;4;0;1;66.7;68.8;56.3;43.8;5;3;13;9;2;0;0;0
06.08.2022;15:00:00;10000;Bournemouth;2;Aston Villa;0;34.4;65.6;7;15;3;2;2;7;2;6;70.1;83.9;1;0;5;5;1;4;60;80;50;50;2;1;18;16;3;3;0;0
06.08.2022;12:30:00;25000;Fulham;2;Liverpool;2;33.1;66.9;9;11;3;4;2;5;4;2;61.6;77.3;0;3;4;4;4;4;52;81.8;63.9;36.1;1;1;7;9;2;0;0;0
06.08.2022;17:30:00;39254;Everton;0;Chelsea;1;37.3;62.7;8;15;4;6;3;3;1;6;73.4;86.6;0;1;4;16;0;2;70.8;47.4;35.3;64.7;5;3;14;11;3;2;0;0
06.08.2022;15:00:00;61732;Tottenham Hotspur;4;Southampton;1;57.5;42.5;18;10;8;2;6;5;4;3;85;82.2;1;0;10;2;2;0;62.5;42.9;54.2;45.8;1;5;11;6;3;0;0;0
06.08.2022;15:00:00;52245;Newcastle United;2;Nottingham Forest;0;61.4;38.6;23;5;10;0;8;3;5;2;80.8;70.4;2;0;11;1;2;0;68.4;73.3;42.9;57.1;0;7;9;14;0;3;0;0
07.08.2022;14:00:00;31794;Leicester City;2;Brentford;2;55.4;44.6;14;8;5;3;6;4;3;1;87.9;84.5;0;2;5;6;2;2;69.2;60;48.3;51.7;1;3;6;5;0;0;0;0
07.08.2022;14:00:00;73711;Manchester United;1;Brighton and Hove Albion;2;62.9;37.1;17;15;5;4;5;6;7;5;82.5;70.2;1;1;6;2;3;1;66.7;64.3;55;45;2;5;7;12;4;1;0;0
07.08.2022;16:30:00;62443;West Ham United;0;Manchester City;2;24.6;75.4;6;14;1;2;2;8;3;4;78.3;92.9;0;3;1;4;4;1;42.9;66.7;47.6;52.4;0;1;8;4;0;1;0;0
13.08.2022;15:00:00;31552;Brighton and Hove Albion;0;Newcastle United;0;54.5;45.5;13;4;7;1;3;2;3;1;76.5;73.2;3;0;7;3;1;4;77.8;58.3;52.9;47.1;1;5;8;6;2;3;0;0
13.08.2022;15:00:00;60033;Arsenal;4;Leicester City;2;49.9;50.1;19;6;7;2;8;3;4;1;83.5;81.1;3;1;6;2;2;3;75;58.3;57.6;42.4;1;4;15;9;1;1;0;0
13.08.2022;12:30:00;41883;Aston Villa;2;Everton;1;57.5;42.5;12;15;4;4;4;2;4;9;84.1;77;3;0;5;8;2;3;60;68.8;53.8;46.2;4;1;9;7;4;1;0;0
13.08.2022;15:00:00;53453;Manchester City;4;Bournemouth;0;66.7;33.3;19;3;7;1;6;1;6;1;93.2;81.6;2;0;11;1;2;1;50;50;52.9;47.1;1;4;9;9;0;3;0;0
13.08.2022;17:30:00;17051;Brentford;4;Manchester United;0;33.3;66.7;13;15;7;4;3;7;3;4;65.5;84.6;2;0;8;2;1;2;66.7;58.3;41.7;58.3;4;3;6;15;0;4;0;0
13.08.2022;15:00:00;31178;Wolverhampton Wanderers;0;Fulham;0;59.6;40.4;7;9;1;3;5;5;1;1;79;71.6;2;1;5;3;1;0;61.1;42.1;53.6;46.4;3;1;7;14;3;3;0;0
13.08.2022;15:00:00;30815;Southampton;2;Leeds United;2;42.6;57.4;14;13;4;5;7;4;3;4;69.9;74;2;3;2;5;1;1;52.9;74.1;42.5;57.5;3;2;10;12;1;3;0;0
14.08.2022;14:00:00;29281;Nottingham Forest;1;West Ham United;0;43.2;56.8;13;19;6;5;4;8;3;6;66;74.5;2;0;6;7;3;2;50;37.5;47.4;52.6;4;5;10;11;4;1;0;0
14.08.2022;16:30:00;39946;Chelsea;2;Tottenham Hotspur;2;63.7;36.3;16;10;3;5;6;2;7;3;85.8;79.1;2;4;8;5;2;1;64.3;48;46.7;53.3;3;1;9;9;3;0;0;0
15.08.2022;20:00:00;52970;Liverpool;1;Crystal Palace;1;72.6;27.4;24;7;4;3;10;4;10;0;87;69;3;4;4;2;3;2;75;60.9;36;64;2;3;7;8;2;4;1;0
20.08.2022;15:00:00;39271;Everton;1;Nottingham Forest;1;48.3;51.7;19;14;8;5;6;6;5;3;77.4;73.4;1;0;6;2;4;1;61.5;77.3;40;60;4;7;6;9;3;2;0;0
20.08.2022;15:00:00;22012;Crystal Palace;3;Aston Villa;1;50.8;49.2;17;13;9;5;5;6;3;2;84.4;81.3;3;1;4;2;1;1;64.3;46.2;40.9;59.1;4;6;16;14;2;1;0;0
20.08.2022;12:30:00;61298;Tottenham Hotspur;1;Wolverhampton Wanderers;0;49.9;50.1;11;20;4;3;5;8;2;9;87.1;83.6;1;0;8;6;2;0;44.4;66.7;35.7;64.3;3;3;10;8;2;2;0;0
20.08.2022;17:30:00;10423;Bournemouth;0;Arsenal;3;41.8;58.2;6;14;1;6;5;4;0;4;78.8;89.1;0;2;3;4;1;3;36.4;57.1;44.4;55.6;3;1;12;10;2;1;0;0
20.08.2022;15:00:00;30850;Leicester City;1;Southampton;2;62;38;6;9;1;3;3;5;2;1;81.7;71.6;0;3;2;5;0;1;73.3;63.2;45.9;54.1;1;0;11;15;2;3;0;0
20.08.2022;15:00:00;21798;Fulham;3;Brentford;2;43.7;56.3;18;13;9;5;4;4;5;4;70.4;75.5;3;3;6;3;5;7;66.7;41.7;46.5;53.5;3;6;13;7;3;2;0;0
21.08.2022;14:00:00;36372;Leeds United;3;Chelsea;0;39.1;60.9;12;14;6;3;4;4;2;7;71.4;82;2;0;4;6;1;7;53.8;45.5;32.3;67.7;3;3;16;15;0;1;0;1
21.08.2022;14:00:00;62449;West Ham United;0;Brighton and Hove Albion;2;49.6;50.4;13;11;3;2;3;5;7;4;80.5;81.4;0;2;5;4;3;1;62.5;41.2;69;31;0;3;10;7;2;0;0;0
21.08.2022;16:30:00;52258;Newcastle United;3;Manchester City;3;31.3;68.7;12;21;6;10;4;4;2;7;67.3;85.7;4;6;5;5;2;1;53.8;55.6;44.4;55.6;7;2;14;7;4;2;0;0
22.08.2022;20:00:00;;Manchester United;2;Liverpool;1;29.5;70.5;13;17;5;5;4;7;4;5;65.9;83.7;4;1;6;8;2;2;70.8;84.6;41.2;58.8;5;3;11;7;3;1;0;0
27.08.2022;15:00:00;30953;Brighton and Hove Albion;1;Leeds United;0;42.8;57.2;13;10;4;2;8;3;1;5;70.8;75.6;2;0;5;3;2;1;71.4;54.5;58.3;41.7;2;3;10;14;2;3;0;0
27.08.2022;15:00:00;17009;Brentford;1;Everton;1;57.8;42.2;20;14;5;7;10;2;5;5;83.5;78.4;2;2;8;5;0;2;42.9;72.7;55.3;44.7;6;4;8;8;2;2;0;0
27.08.2022;12:30:00;31196;Southampton;0;Manchester United;1;48.3;51.7;17;11;5;6;10;2;2;3;73.1;74;1;1;5;3;1;1;47.1;57.1;42.2;57.8;3;4;4;14;0;3;0;0
27.08.2022;15:00:00;39953;Chelsea;2;Leicester City;1;45.1;54.9;7;17;4;5;1;7;2;5;83.4;87;2;4;3;11;3;1;66.7;58.8;51.4;48.6;4;2;10;7;1;2;1;0
27.08.2022;17:30:00;60164;Arsenal;2;Fulham;1;72;28;22;11;8;3;4;6;10;2;85.5;61.9;2;0;9;2;1;0;73.3;45.8;33.3;66.7;2;6;6;12;2;3;0;0
27.08.2022;15:00:00;53112;Manchester City;4;Crystal Palace;2;74.3;25.7;18;2;5;2;9;0;4;0;91.2;74;4;1;6;1;2;1;83.3;66.7;66.7;33.3;1;1;14;8;1;2;0;0
27.08.2022;15:00:00;53328;Liverpool;9;Bournemouth;0;69.4;30.6;19;5;12;2;6;2;1;1;86.5;69.6;3;0;8;1;3;0;83.3;60;56.3;43.8;2;4;6;5;0;1;0;0
28.08.2022;14:00:00;41796;Aston Villa;0;West Ham United;1;57.8;42.2;9;7;3;2;4;3;2;2;84;78.5;0;0;3;2;2;1;64.7;46.2;59.1;40.9;1;3;10;10;2;0;0;0
28.08.2022;14:00:00;31311;Wolverhampton Wanderers;1;Newcastle United;1;36.1;63.9;10;21;4;6;2;4;4;11;69.4;82.1;1;0;4;13;3;1;45.5;66.7;40.7;59.3;5;3;10;11;2;1;0;0
28.08.2022;16:30:00;29296;Nottingham Forest;0;Tottenham Hotspur;2;55.3;44.7;17;18;1;7;9;7;7;4;84.7;80.5;0;1;6;1;1;3;52.4;53.8;50;50;4;1;11;13;6;1;0;0
30.08.2022;19:30:00;22224;Fulham;2;Brighton and Hove Albion;1;39.1;60.9;10;7;3;4;7;3;0;0;74.7;83.7;1;1;3;3;0;2;57.7;52.2;58.1;41.9;2;2;9;11;2;1;0;0
30.08.2022;19:30:00;25043;Crystal Palace;1;Brentford;1;48.9;51.1;13;9;4;3;6;5;3;1;81.1;80.1;0;5;4;6;1;0;57.1;92.9;53.8;46.2;2;3;11;8;1;2;0;0
30.08.2022;20:00:00;36338;Leeds United;1;Everton;1;69.1;30.9;14;7;5;2;8;2;1;3;83.1;69.5;1;3;10;2;2;2;52;46.4;66.7;33.3;1;4;10;9;3;3;0;0
30.08.2022;19:45:00;;Southampton;2;Chelsea;1;32.2;67.8;9;10;7;4;0;2;2;4;61;82;3;1;5;3;0;3;68.4;50;44.8;55.2;3;3;15;10;2;1;0;0
31.08.2022;19:30:00;10113;Bournemouth;0;Wolverhampton Wanderers;0;34.1;65.9;5;17;2;4;2;9;1;4;74.4;89.2;0;2;2;5;0;3;83.3;42.3;46.2;53.8;3;2;12;12;2;1;0;0
31.08.2022;19:30:00;60012;Arsenal;2;Aston Villa;1;58.9;41.1;22;4;9;3;6;1;7;0;84.9;77;2;0;10;3;1;1;70;37.5;52.4;47.6;2;6;10;14;2;3;0;0
31.08.2022;19:30:00;53409;Manchester City;6;Nottingham Forest;0;74.9;25.1;17;8;9;1;6;4;2;3;91.7;73.6;4;2;10;1;2;2;84.6;57.1;68;32;1;3;9;7;0;1;0;0
31.08.2022;20:00:00;53316;Liverpool;2;Newcastle United;1;71.8;28.2;23;5;6;2;8;3;9;0;83.7;63.7;1;1;13;0;2;2;71.4;39.1;40.5;59.5;1;4;9;10;0;2;0;0
31.08.2022;19:45:00;62450;West Ham United;1;Tottenham Hotspur;1;38.3;61.7;14;12;4;3;8;2;2;7;83.2;89.4;2;0;3;4;1;0;69.2;42.9;64.3;35.7;3;3;10;10;2;5;0;0
01.09.2022;20:00:00;32226;Leicester City;0;Manchester United;1;53.9;46.1;10;9;2;2;5;5;3;2;81.8;78;1;1;1;3;0;2;61.9;53.3;52.9;47.1;1;2;7;15;1;3;0;0
03.09.2022;15:00:00;39923;Chelsea;2;West Ham United;1;68.1;31.9;8;6;3;3;2;2;3;1;87.3;75.3;2;2;10;3;1;1;68.8;64.3;50;50;2;1;6;11;4;2;0;0
03.09.2022;15:00:00;51863;Newcastle United;0;Crystal Palace;0;51.7;48.3;23;19;6;9;7;4;10;6;78.8;77.9;3;0;13;5;2;1;61.1;73.9;50;50;9;5;19;12;2;2;0;0
03.09.2022;12:30:00;39240;Everton;0;Liverpool;0;39.1;60.9;14;23;3;8;6;9;5;6;71.9;81;1;0;7;9;3;2;57.9;80;39.1;60.9;8;4;7;11;2;2;0;0
03.09.2022;15:00:00;;Brentford;5;Leeds United;2;31.1;68.9;14;17;8;6;5;7;1;4;64.7;82.4;3;3;2;6;1;1;70.8;70.8;60.7;39.3;4;3;8;9;2;2;0;0
03.09.2022;15:00:00;30546;Wolverhampton Wanderers;1;Southampton;0;50.8;49.2;7;12;2;1;4;7;1;4;80.8;78.1;2;1;5;6;1;0;64.3;60;58.3;41.7;1;1;10;14;4;2;0;0
03.09.2022;17:30:00;41830;Aston Villa;1;Manchester City;1;27.7;72.3;3;13;1;4;1;5;1;4;70.7;88.2;0;4;1;4;5;3;60;38.5;32.5;67.5;3;0;7;6;2;0;0;0
03.09.2022;15:00:00;28720;Nottingham Forest;2;Bournemouth;3;52.7;47.3;11;8;3;3;3;2;5;3;82.7;81.2;0;1;4;6;1;1;53.8;66.7;50;50;0;1;13;10;2;1;0;0
03.09.2022;15:00:00;61641;Tottenham Hotspur;2;Fulham;1;51.9;48.1;23;9;10;3;7;5;6;1;88;85.7;1;0;10;3;3;0;47.4;61.1;60.7;39.3;2;8;9;6;3;4;0;0
04.09.2022;14:00:00;31185;Brighton and Hove Albion;5;Leicester City;2;53.5;46.5;23;6;11;4;5;1;7;1;85.4;82.6;3;2;10;1;2;3;70.6;61.5;47.6;52.4;2;7;6;8;1;1;0;0
04.09.2022;16:30:00;73431;Manchester United;3;Arsenal;1;39.5;60.5;10;16;6;3;3;8;1;5;78.1;83.4;4;2;2;5;4;0;47.1;57.1;76.9;23.1;2;3;13;9;3;3;0;0
16.09.2022;20:00:00;40758;Aston Villa;1;Southampton;0;52.7;47.3;11;7;3;1;3;3;5;3;74.3;73.7;1;0;6;3;1;0;54.3;64.3;59.2;40.8;1;2;13;13;3;1;0;0
16.09.2022;20:00:00;28654;Nottingham Forest;2;Fulham;3;40.8;59.2;11;15;3;7;5;3;3;5;74.4;82.9;2;2;2;10;2;1;30;41.7;55.9;44.1;4;1;11;10;2;4;0;0
17.09.2022;12:30:00;31578;Wolverhampton Wanderers;0;Manchester City;3;40.8;59.2;6;16;1;7;4;5;1;4;83.6;90.5;0;1;5;7;0;1;57.9;57.9;26.7;73.3;4;1;7;9;2;1;1;0
17.09.2022;15:00:00;52238;Newcastle United;1;Bournemouth;1;72.4;27.6;20;10;7;3;8;5;5;2;86.5;67.3;0;1;8;1;3;1;75;77.8;56;44;2;6;10;11;2;2;0;0
17.09.2022;17:30:00;61450;Tottenham Hotspur;6;Leicester City;2;43.7;56.3;16;19;11;7;2;7;3;5;83.6;87.3;2;1;6;1;1;0;28.6;75;54.5;45.5;5;5;9;9;1;2;0;0
18.09.2022;12:00:00;17122;Brentford;0;Arsenal;3;36.1;63.9;5;13;2;7;3;4;0;2;74.1;86;1;2;3;3;3;1;61.9;75;72.4;27.6;4;2;10;10;0;2;0;0
18.09.2022;14:15:00;39298;Everton;1;West Ham United;0;53.6;46.4;7;14;2;4;4;3;1;7;83;79.6;0;0;5;14;1;1;61.1;38.9;47.6;52.4;4;1;8;11;3;1;0;0
01.10.2022;15:00:00;25198;Crystal Palace;1;Chelsea;2;36;64;7;13;3;3;4;7;0;3;77.9;88;1;0;5;2;1;0;55.6;56.3;45;55;1;2;11;13;1;3;0;0
01.10.2022;15:00:00;10126;Bournemouth;0;Brentford;0;42;58;7;13;1;4;4;5;2;4;79.2;83;1;1;7;8;1;2;57.1;70;54.5;45.5;4;0;11;10;1;2;0;0
01.10.2022;12:30:00;60278;Arsenal;3;Tottenham Hotspur;1;64.7;35.3;22;7;9;3;9;2;4;2;90.4;78.2;1;1;5;2;1;3;71.4;62.5;56.3;43.8;2;6;10;10;2;1;0;1
01.10.2022;15:00:00;22913;Fulham;1;Newcastle United;4;31.7;68.3;3;19;1;10;1;4;1;5;67.6;87.6;1;4;1;8;4;7;76.9;66.7;10;90;6;0;9;10;2;0;1;0
01.10.2022;17:30:00;62444;West Ham United;2;Wolverhampton Wanderers;0;39.1;60.9;18;15;5;4;5;7;8;4;80.9;87.2;0;1;1;6;2;1;59.1;58.3;64;36;4;3;8;6;2;2;0;0
01.10.2022;15:00:00;30510;Southampton;1;Everton;2;54.2;45.8;22;12;6;5;9;4;7;3;81.3;77.6;3;4;7;6;0;1;50;56.5;40.6;59.4;3;5;11;10;2;2;0;0
01.10.2022;15:00:00;53320;Liverpool;3;Brighton and Hove Albion;3;53.8;46.2;15;6;7;6;6;0;2;0;81.5;78;4;5;9;2;1;0;64.3;39.1;57.9;42.1;3;5;9;13;1;1;0;0
02.10.2022;14:00:00;53475;Manchester City;6;Manchester United;3;53.9;46.1;22;12;10;8;6;1;6;3;88;85.7;3;0;5;1;1;0;57.1;35.7;62.5;37.5;5;3;3;9;0;3;0;0
02.10.2022;16:30:00;36582;Leeds United;0;Aston Villa;0;43.8;56.2;6;19;1;7;2;8;3;4;72;77.2;0;3;2;9;0;2;75;68.8;42.1;57.9;6;1;23;12;3;2;1;0
03.10.2022;20:00:00;32202;Leicester City;4;Nottingham Forest;0;51.6;48.4;17;10;7;3;7;5;3;2;84.6;78;2;3;6;6;3;4;63.6;69.2;52.2;47.8;3;4;13;12;2;4;0;0
08.10.2022;15:00:00;39940;Chelsea;3;Wolverhampton Wanderers;0;57.4;42.6;20;8;7;2;10;5;3;1;87.6;83.5;4;1;4;2;3;0;57.7;69.2;40.9;59.1;2;4;8;8;2;0;0;0
08.10.2022;15:00:00;10272;Bournemouth;2;Leicester City;1;44.2;55.8;10;9;4;5;2;2;4;2;84.7;86.2;1;1;7;2;3;0;84.6;68.8;26.9;73.1;4;2;8;16;1;2;0;0
08.10.2022;15:00:00;53365;Manchester City;4;Southampton;0;65.2;34.8;21;5;8;0;9;3;4;2;89.5;80.7;6;0;9;1;1;1;53.3;47.4;52.4;47.6;0;4;4;8;0;1;0;0
08.10.2022;17:30:00;31498;Brighton and Hove Albion;0;Tottenham Hotspur;1;58.9;41.1;14;8;4;3;5;4;5;1;87.9;81.4;1;1;6;2;2;3;52.9;80;52.2;47.8;2;4;9;14;1;2;0;0
08.10.2022;15:00:00;52067;Newcastle United;5;Brentford;1;54.4;45.6;16;6;6;3;4;1;6;2;79.4;74.7;2;0;9;5;1;3;40;70;53.6;46.4;2;2;14;9;0;1;0;0
09.10.2022;14:00:00;62454;West Ham United;3;Fulham;1;50.3;49.7;17;8;8;2;4;4;5;2;82.5;82.3;3;0;4;2;1;2;58.3;50;43.8;56.3;1;5;9;7;1;3;0;0
09.10.2022;14:00:00;25042;Crystal Palace;2;Leeds United;1;54.5;45.5;13;10;5;4;5;2;3;4;76.8;64.3;3;1;5;3;2;2;38.9;44.8;53.6;46.4;3;3;13;23;3;3;0;0
09.10.2022;19:00:00;39258;Everton;1;Manchester United;2;39.7;60.3;11;12;2;4;3;5;6;3;78.7;83.7;0;3;5;4;1;4;66.7;40;43.3;56.7;2;1;7;13;2;1;0;0
09.10.2022;16:30:00;59968;Arsenal;3;Liverpool;2;44;56;11;8;7;3;1;2;3;3;78.2;80.9;2;1;4;3;3;6;62.5;46.7;56.5;43.5;2;4;11;11;1;2;0;0
10.10.2022;20:00:00;29208;Nottingham Forest;1;Aston Villa;1;39.9;60.1;6;12;3;2;1;2;2;8;73.9;86.2;0;1;1;4;0;3;64.3;50;70;30;1;2;13;19;3;3;0;0
14.10.2022;20:00:00;17016;Brentford;2;Brighton and Hove Albion;0;27.5;72.5;7;21;3;7;4;4;0;10;66.8;85.1;2;2;2;11;0;3;58.3;60;53.1;46.9;7;0;12;15;3;1;0;0
15.10.2022;15:00:00;22913;Fulham;2;Bournemouth;2;68.9;31.1;19;10;4;6;8;4;7;0;84.8;69.8;0;2;5;6;1;0;75;50;51.4;48.6;4;2;9;11;2;0;0;0
15.10.2022;12:30:00;31298;Leicester City;0;Crystal Palace;0;53.1;46.9;14;8;5;1;5;5;4;2;85.1;82.9;1;0;9;2;2;1;48;69.2;40.9;59.1;1;6;18;13;2;2;0;0
15.10.2022;17:30:00;61812;Tottenham Hotspur;2;Everton;0;61.5;38.5;21;4;7;0;6;3;8;1;88.3;81.7;2;0;7;1;0;0;75;66.7;56.5;43.5;0;5;12;13;1;4;0;0
15.10.2022;15:00:00;31554;Wolverhampton Wanderers;1;Nottingham Forest;0;58;42;9;10;2;2;5;6;2;2;81.6;71.9;0;0;4;5;2;1;47.1;37.5;34.6;65.4;2;1;17;13;2;2;0;0
16.10.2022;14:00:00;36700;Leeds United;0;Arsenal;1;47;53;16;9;4;4;5;2;7;3;78;83;1;1;6;3;4;0;56;58.8;56.5;43.5;3;4;10;11;0;2;0;0
16.10.2022;14:00:00;41754;Aston Villa;0;Chelsea;2;41.1;58.9;18;8;7;4;7;3;4;1;80.2;85.4;3;2;7;1;3;1;41.7;66.7;66.7;33.3;2;7;12;11;0;3;0;0
16.10.2022;14:00:00;73726;Manchester United;0;Newcastle United;0;63;37;15;9;2;2;8;5;5;2;81.1;72.1;2;0;4;4;2;0;61.1;30.8;35;65;2;2;13;11;3;1;0;0
16.10.2022;16:30:00;53286;Liverpool;1;Manchester City;0;36.8;63.2;13;16;2;6;8;4;3;6;76.9;87.7;5;1;5;6;3;0;52.2;70;40;60;6;1;10;7;3;1;0;0
16.10.2022;14:00:00;29159;Southampton;1;West Ham United;1;39.1;60.9;10;25;8;4;1;9;1;12;72.4;80.1;1;1;4;14;1;0;35.7;54.5;50;50;3;7;7;3;1;1;0;0
18.10.2022;19:30:00;31463;Brighton and Hove Albion;0;Nottingham Forest;0;70.3;29.7;19;3;7;0;7;3;5;0;86.8;67.7;2;0;9;1;1;0;63.6;61.5;51.6;48.4;0;7;10;14;3;1;0;0
18.10.2022;20:15:00;25125;Crystal Palace;2;Wolverhampton Wanderers;1;51.3;48.7;14;10;4;4;5;5;5;1;82.4;79.4;2;2;4;3;0;4;52.2;51.7;58.6;41.4;3;2;14;18;3;1;0;0
19.10.2022;19:30:00;17118;Brentford;0;Chelsea;0;33.7;66.3;8;14;5;5;2;3;1;6;70;85.2;2;1;6;2;2;0;47.4;47.1;52.2;47.8;5;5;7;7;0;0;0;0
19.10.2022;19:30:00;10405;Bournemouth;0;Southampton;1;53.5;46.5;15;9;3;3;8;2;4;4;81.9;81;0;1;7;3;2;0;38.5;47.8;62.5;37.5;2;3;8;13;1;3;0;0
19.10.2022;19:30:00;53346;Liverpool;1;West Ham United;0;53.8;46.2;22;8;7;3;8;4;7;1;85.2;80.8;1;4;8;3;1;0;61.5;53.3;61.1;38.9;3;6;9;8;0;0;0;0
19.10.2022;20:15:00;73677;Manchester United;2;Tottenham Hotspur;0;51.9;48.1;28;9;10;2;9;5;9;2;85.4;84.3;2;1;8;3;4;0;70.6;50;61.1;38.9;2;8;7;7;1;0;0;0
19.10.2022;19:30:00;52247;Newcastle United;1;Everton;0;49.8;50.2;16;1;4;0;9;1;3;0;76.8;76.2;1;0;8;2;0;3;77.8;44.4;64.7;35.3;0;3;9;12;2;4;0;0
20.10.2022;19:30:00;23508;Fulham;3;Aston Villa;0;60.4;39.6;18;12;8;6;5;3;5;3;85.7;77.5;2;0;9;7;0;3;58.3;42.9;53.1;46.9;6;5;11;11;0;2;0;1
20.10.2022;20:15:00;30814;Leicester City;2;Leeds United;0;46.8;53.2;5;14;1;2;1;8;3;4;78.3;78.4;1;1;2;9;4;2;53.8;53.3;33.3;66.7;2;0;15;11;2;1;0;0
22.10.2022;15:00:00;38939;Everton;3;Crystal Palace;0;45.8;54.2;9;9;6;2;1;4;2;3;81.9;84.9;2;0;3;4;1;2;76.9;60;54.5;45.5;2;3;16;14;3;4;0;0
22.10.2022;12:30:00;29245;Nottingham Forest;1;Liverpool;0;24.8;75.2;10;15;7;7;1;7;2;1;63.9;86.1;4;4;2;11;3;0;78.9;50;50;50;7;6;14;8;2;1;0;0
22.10.2022;17:30:00;39503;Chelsea;1;Manchester United;1;47.9;52.1;6;13;2;6;3;6;1;1;78;77.6;1;1;6;4;2;3;50;44.4;46.7;53.3;5;1;8;10;1;4;0;0
22.10.2022;15:00:00;53223;Manchester City;3;Brighton and Hove Albion;1;48.4;51.6;10;8;4;2;3;3;3;3;82.5;84.5;2;1;7;3;0;4;64.3;37.5;11.1;88.9;1;1;11;12;1;3;0;0
23.10.2022;14:00:00;36447;Leeds United;2;Fulham;3;57.2;42.8;14;11;5;5;4;3;5;3;79.9;71.8;3;5;3;6;4;4;40.9;56.3;45.2;54.8;1;3;12;8;1;1;0;0
23.10.2022;14:00:00;41693;Aston Villa;4;Brentford;0;45.1;54.9;19;12;11;3;3;5;5;4;75.1;76.1;2;1;7;6;0;1;60;50;41.7;58.3;3;7;14;11;1;0;0;0
23.10.2022;14:00:00;31145;Southampton;1;Arsenal;1;40.7;59.3;10;12;3;3;3;4;4;5;80.4;86.1;1;3;9;4;4;3;66.7;56.3;50;50;2;2;11;8;2;1;0;0
23.10.2022;16:30:00;61726;Tottenham Hotspur;1;Newcastle United;2;52.4;47.6;17;13;5;5;4;3;8;5;79;81.2;2;1;6;7;3;4;58.8;73.3;54.3;45.7;3;3;12;6;4;2;0;0
23.10.2022;14:00:00;31425;Wolverhampton Wanderers;0;Leicester City;4;60.9;39.1;21;5;6;4;7;1;8;0;85.3;72.6;2;2;9;2;3;3;63.6;34.8;65.4;34.6;0;5;10;12;2;1;0;0
24.10.2022;20:00:00;62447;West Ham United;2;Bournemouth;0;54.4;45.6;20;5;4;3;8;2;8;0;84.7;83.1;1;1;5;0;1;0;45.5;76.2;48.6;51.4;3;2;9;11;0;2;0;0
29.10.2022;15:00:00;17051;Brentford;1;Wolverhampton Wanderers;1;57.8;42.2;12;13;3;4;6;6;3;3;80.4;75.3;1;0;3;6;0;1;52.9;35.3;62.1;37.9;3;2;10;17;3;3;0;1
29.10.2022;15:00:00;31746;Brighton and Hove Albion;4;Chelsea;1;41;59;19;15;9;7;7;5;3;3;79.1;86;2;1;8;7;0;0;61.1;50;47.8;52.2;7;5;16;6;1;2;0;0
29.10.2022;12:30:00;32223;Leicester City;0;Manchester City;1;35.7;64.3;10;15;5;5;4;6;1;4;80.3;90;1;0;3;10;0;2;75;57.1;45.8;54.2;4;5;5;10;0;0;0;0
29.10.2022;15:00:00;10430;Bournemouth;2;Tottenham Hotspur;3;30.6;69.4;6;23;4;7;2;10;0;6;76.4;89.9;2;2;2;19;0;3;50;43.8;52.2;47.8;4;2;10;5;1;2;0;0
29.10.2022;17:30:00;23534;Fulham;0;Everton;0;56.5;43.5;24;9;6;4;10;3;8;2;83.4;79.7;0;2;13;4;0;5;50;60;63.6;36.4;4;6;10;8;2;1;0;0
29.10.2022;19:45:00;53274;Liverpool;1;Leeds United;2;69;31;22;14;10;6;8;6;4;2;81.6;63.2;3;1;14;5;0;0;52.9;33.3;50;50;4;9;9;3;0;1;0;0
29.10.2022;15:00:00;25130;Crystal Palace;1;Southampton;0;44.4;55.6;12;14;3;4;4;6;5;4;72.1;81.3;1;3;8;4;5;3;69.6;65;50;50;4;2;13;12;3;3;0;0
29.10.2022;15:00:00;52233;Newcastle United;4;Aston Villa;0;59.5;40.5;20;3;7;0;10;0;3;3;78.8;73.9;3;0;3;0;2;3;60;47.4;61.9;38.1;0;3;11;11;1;1;0;0
30.10.2022;14:00:00;60263;Arsenal;5;Nottingham Forest;0;69.1;30.9;24;5;10;2;5;2;9;1;89.2;75.6;3;0;9;4;1;2;64.3;56;43.5;56.5;2;4;9;8;0;1;0;0
30.10.2022;16:15:00;73682;Manchester United;1;West Ham United;0;53;47;16;13;3;5;7;2;6;6;82.7;82.8;3;1;5;10;1;2;83.3;53.8;53.3;46.7;4;2;12;10;1;3;0;0
05.11.2022;15:00:00;52395;Manchester City;2;Fulham;1;70.6;29.4;16;4;5;2;5;1;6;1;91.1;79.3;3;0;9;0;3;0;12.5;73.3;54.5;45.5;1;3;6;11;2;4;1;0
05.11.2022;15:00:00;36304;Leeds United;4;Bournemouth;3;60.9;39.1;18;9;4;6;6;2;8;1;81.7;73;1;2;13;3;0;0;65.4;73.3;65.8;34.2;2;0;16;10;2;2;0;0
05.11.2022;15:00:00;28869;Nottingham Forest;2;Brentford;2;47.2;52.8;15;6;7;2;6;3;2;1;75.7;76.9;2;1;3;3;0;2;61.1;75;53.3;46.7;0;5;10;11;2;2;0;0
05.11.2022;17:30:00;39206;Everton;0;Leicester City;2;48.4;51.6;12;22;2;8;5;7;5;7;80.5;85.4;2;3;8;3;0;1;50;61.5;76;24;6;2;9;5;0;0;0;0
05.11.2022;15:00:00;30732;Wolverhampton Wanderers;2;Brighton and Hove Albion;3;28.6;71.4;8;19;5;8;1;7;2;4;75.4;90.2;1;1;4;9;1;1;38.9;78.6;34.8;65.2;5;3;15;11;2;0;1;0
06.11.2022;14:00:00;42058;Aston Villa;3;Manchester United;1;41.8;58.2;6;8;4;3;2;2;0;3;83.5;85.3;1;0;3;5;0;3;31.3;66.7;50;50;3;1;6;12;3;3;0;0
06.11.2022;12:00:00;40142;Chelsea;0;Arsenal;1;44.3;55.7;5;14;1;2;1;9;3;3;73.1;82.1;0;2;4;6;3;0;54.2;58.8;56.7;43.3;1;1;19;13;5;2;0;0
06.11.2022;14:00:00;30402;Southampton;1;Newcastle United;4;55.2;44.8;16;7;5;4;6;2;5;1;78.2;67.6;2;2;8;2;4;1;71.4;60;47.1;52.9;0;4;7;10;1;0;0;0
06.11.2022;16:30:00;62008;Tottenham Hotspur;1;Liverpool;2;46.6;53.4;14;13;5;6;6;3;3;4;82.6;83.6;3;1;5;3;1;2;73.3;50;53.8;46.2;4;4;10;8;0;0;0;0
06.11.2022;14:00:00;62451;West Ham United;1;Crystal Palace;2;42;58;5;15;2;6;3;2;0;7;80.4;87.1;0;1;2;5;4;0;56.3;69.2;54.5;45.5;5;1;10;7;1;1;0;0
12.11.2022;15:00:00;53331;Liverpool;3;Southampton;1;59.9;40.1;15;9;7;5;6;3;2;1;86.3;80;6;3;6;0;0;2;41.7;50;55;45;4;4;8;8;0;2;0;0
12.11.2022;15:00:00;29045;Nottingham Forest;1;Crystal Palace;0;31.5;68.5;9;8;2;0;6;7;1;1;71.5;87;0;0;1;5;3;0;57.1;54.5;39.1;60.9;0;1;11;13;1;4;0;0
12.11.2022;12:30:00;52786;Manchester City;1;Brentford;2;74.6;25.4;29;10;6;8;9;1;14;1;85.2;56.9;1;5;10;2;2;2;77.8;27.3;52.4;47.6;5;5;9;7;2;2;0;0
12.11.2022;15:00:00;10382;Bournemouth;3;Everton;0;35.8;64.2;16;15;9;3;4;6;3;6;73.1;85.6;2;1;3;5;1;1;66.7;50;56.7;43.3;3;5;12;8;2;0;0;0
12.11.2022;17:30:00;52264;Newcastle United;1;Chelsea;0;48.9;51.1;10;5;3;2;3;2;4;1;82.7;84.1;2;0;5;3;3;0;65.2;65.2;72.7;27.3;2;2;14;11;5;2;0;0
12.11.2022;19:45:00;34624;Wolverhampton Wanderers;0;Arsenal;2;37.4;62.6;11;14;2;4;6;7;3;3;79.6;89.3;0;1;6;4;3;1;52.9;50;69;31;1;2;5;6;3;2;0;0
12.11.2022;15:00:00;61667;Tottenham Hotspur;4;Leeds United;3;54.7;45.3;14;12;8;5;3;2;3;5;82.6;78.9;4;4;9;2;0;1;66.7;52.6;51.9;48.1;2;3;8;7;1;1;0;1
12.11.2022;15:00:00;62459;West Ham United;0;Leicester City;2;53.6;46.4;18;9;6;6;9;2;3;1;77.4;78.2;0;1;7;2;2;0;66.7;47.4;63.6;36.4;4;6;9;8;3;1;0;0
13.11.2022;14:00:00;31581;Brighton and Hove Albion;1;Aston Villa;2;65.1;34.9;7;8;2;2;1;3;4;3;86.3;72;1;0;11;4;3;1;42.9;52.2;55.6;44.4;0;1;14;11;2;7;0;0
13.11.2022;16:30:00;24246;Fulham;1;Manchester United;2;52.7;47.3;14;14;7;9;5;3;2;2;79.4;79.4;1;6;10;3;1;2;44.4;58.3;39.3;60.7;8;6;9;10;1;1;0;0
26.12.2022;15:00:00;39252;Everton;1;Wolverhampton Wanderers;2;58.8;41.2;12;7;6;4;4;2;2;1;84.8;75.5;2;1;2;2;1;2;76.5;63.2;50;50;2;4;9;22;1;6;0;0
26.12.2022;15:00:00;25176;Crystal Palace;0;Fulham;3;36.2;63.8;4;23;0;11;3;6;1;6;74.5;85.8;0;2;1;8;1;2;73.3;56.3;28.6;71.4;7;0;12;15;0;0;2;0
26.12.2022;12:30:00;17137;Brentford;2;Tottenham Hotspur;2;39.1;60.9;9;15;5;8;3;2;1;5;63.6;81.8;2;0;6;5;1;5;25;44.4;33.3;66.7;6;3;11;10;3;1;0;0
26.12.2022;15:00:00;32185;Leicester City;0;Newcastle United;3;60.1;39.9;8;12;2;5;2;4;4;3;82.1;74.2;0;2;5;5;3;1;66.7;58.3;36.7;63.3;2;2;9;6;0;0;0;0
26.12.2022;20:00:00;60125;Arsenal;3;West Ham United;1;66.5;33.5;16;8;5;4;6;4;5;0;89.5;75.5;3;0;7;5;3;0;66.7;50;48.4;51.6;3;2;13;17;0;2;0;0
26.12.2022;17:30:00;42085;Aston Villa;1;Liverpool;3;48.1;51.9;12;16;6;9;3;6;3;1;80.9;81.7;3;5;0;6;3;3;25;36.8;42.9;57.1;6;5;7;12;0;0;0;0
26.12.2022;15:00:00;31010;Southampton;1;Brighton and Hove Albion;3;33.6;66.4;14;7;4;4;7;2;3;1;77.2;86.8;0;1;4;2;0;1;62.5;38.1;45.2;54.8;2;3;9;10;1;2;0;0
27.12.2022;17:30:00;40046;Chelsea;2;Bournemouth;0;60.3;39.7;15;9;5;4;7;4;3;1;88.3;81.2;2;0;6;8;3;0;58.8;64.7;42.1;57.9;4;3;8;10;0;0;0;0
27.12.2022;20:00:00;73608;Manchester United;3;Nottingham Forest;0;65.8;34.2;17;8;8;3;3;3;6;2;87;71.3;3;0;9;9;1;2;50;64.7;53.8;46.2;3;5;13;4;3;1;0;0
28.12.2022;20:00:00;36889;Leeds United;1;Manchester City;3;31;69;9;26;1;9;4;12;4;5;73.3;87.5;0;6;3;5;0;1;46.2;53.8;41.7;58.3;6;0;11;14;3;3;0;0
30.12.2022;19:45:00;62467;West Ham United;0;Brentford;2;63.1;36.9;20;9;5;6;9;2;6;1;86.5;75;0;1;8;1;0;0;41.7;50;54.8;45.2;4;5;9;5;1;0;0;0
30.12.2022;20:00:00;53343;Liverpool;2;Leicester City;1;57;43;21;7;5;2;10;3;6;2;84.4;78.6;3;3;4;5;2;5;66.7;35.7;46.7;53.3;1;5;8;15;0;1;0;0
31.12.2022;15:00:00;24344;Fulham;2;Southampton;1;62.5;37.5;8;9;2;3;5;4;1;2;80.1;65.5;1;1;4;4;1;0;52.6;66.7;40.6;59.4;2;1;8;13;0;1;0;0
31.12.2022;15:00:00;9972;Bournemouth;0;Crystal Palace;2;58.9;41.1;6;15;2;6;3;4;1;5;75.2;68.8;0;2;2;7;1;1;58.8;56.7;52;48;4;2;17;11;4;1;0;0
31.12.2022;12:30:00;31658;Wolverhampton Wanderers;0;Manchester United;1;45.7;54.3;10;16;3;6;1;5;6;5;76.4;81.2;0;1;7;5;1;2;37.5;29.4;41.2;58.8;6;3;11;11;1;3;0;0
31.12.2022;17:30:00;31647;Brighton and Hove Albion;2;Arsenal;4;67.8;32.2;9;14;5;7;2;3;2;4;88.3;72.6;1;2;7;4;5;0;50;47.4;60;40;3;3;7;11;3;3;0;0
31.12.2022;15:00:00;52211;Newcastle United;0;Leeds United;0;59;41;16;8;5;1;9;3;2;4;77.3;63.6;7;0;9;3;3;0;50;56.3;55.6;44.4;1;5;13;19;3;5;0;0
31.12.2022;15:00:00;53444;Manchester City;1;Everton;1;73.7;26.3;16;2;3;1;6;0;7;1;90.2;77.7;4;0;7;1;3;2;53.8;53.8;56.3;43.8;0;2;13;14;3;4;0;0
01.01.2023;14:00:00;61651;Tottenham Hotspur;0;Aston Villa;2;59.3;40.7;6;13;2;4;2;4;2;5;86;79.7;1;1;5;3;1;0;57.1;50;58.8;41.2;2;1;15;10;4;3;0;0
01.01.2023;16:30:00;29229;Nottingham Forest;1;Chelsea;1;27.7;72.3;12;7;5;2;4;2;3;3;76.6;89.4;0;1;1;2;2;2;55.6;56.3;46.2;53.8;1;4;16;14;2;2;0;0
02.01.2023;17:30:00;17163;Brentford;3;Liverpool;1;27;73;10;16;7;6;2;3;1;7;49.8;83.3;1;3;4;9;7;4;41.2;55.6;48.4;51.6;4;5;5;8;1;3;0;0
03.01.2023;19:45:00;;Everton;1;Brighton and Hove Albion;4;48.9;51.1;10;19;4;8;5;6;1;5;87.7;85.4;0;2;5;2;1;0;62.5;66.7;23.5;76.5;4;3;8;10;3;1;0;0
03.01.2023;19:45:00;60319;Arsenal;0;Newcastle United;0;66.8;33.2;17;8;4;1;8;5;5;2;85.8;71.5;0;2;5;5;1;4;61.5;69.6;42.9;57.1;1;4;10;16;4;5;0;0
03.01.2023;20:00:00;73322;Manchester United;3;Bournemouth;0;58.5;41.5;18;7;6;4;6;2;6;1;85.5;79.1;4;1;6;5;0;2;66.7;33.3;40;60;4;3;13;7;0;3;0;0
03.01.2023;19:45:00;30813;Leicester City;0;Fulham;1;61.4;38.6;15;11;6;2;6;7;3;2;81.8;75.4;3;2;6;3;0;1;82.4;61.5;56.5;43.5;1;6;12;11;2;6;0;0
04.01.2023;19:45:00;36173;Leeds United;2;West Ham United;2;63.3;36.7;14;15;6;2;6;11;2;2;79.4;62.5;1;0;8;1;3;3;68.4;47.4;47.9;52.1;0;3;11;18;3;1;0;0
04.01.2023;19:30:00;30150;Southampton;0;Nottingham Forest;1;62.5;37.5;8;11;0;1;6;9;2;1;78;63.6;1;2;6;2;1;0;50;50;45.5;54.5;0;0;14;17;2;2;0;0
04.01.2023;20:00:00;25132;Crystal Palace;0;Tottenham Hotspur;4;46.7;53.3;19;14;4;6;9;3;6;5;82;86.2;0;2;10;4;1;2;59.1;63.6;29.6;70.4;2;4;11;8;1;2;0;0
04.01.2023;20:00:00;39978;Aston Villa;1;Wolverhampton Wanderers;1;55.9;44.1;13;10;4;3;3;4;6;3;87.6;83.8;2;0;7;8;1;4;45.5;58.6;40.9;59.1;2;2;6;12;1;3;0;0
05.01.2023;20:00:00;39998;Chelsea;0;Manchester City;1;47.7;52.3;8;12;2;3;3;6;3;3;85.2;89.5;0;3;3;2;2;1;39.3;68.4;40;60;2;2;9;9;2;0;0;0
12.01.2023;20:00:00;24460;Fulham;2;Chelsea;1;47.4;52.6;8;20;3;10;3;3;2;7;80.6;81.6;1;3;5;7;3;3;54.5;61.1;66.7;33.3;9;1;12;16;4;3;0;1
13.01.2023;20:00:00;42008;Aston Villa;2;Leeds United;1;53.4;46.6;11;16;5;4;4;4;2;8;72.7;69.5;1;3;0;11;2;5;46.4;51.9;59.3;40.7;2;3;12;18;2;2;0;0
14.01.2023;15:00:00;39305;Everton;1;Southampton;2;52.2;47.8;12;13;4;5;5;2;3;6;73.4;70.7;1;1;6;4;3;2;60;66.7;44.7;55.3;3;3;7;18;0;3;0;0
14.01.2023;15:00:00;31645;Brighton and Hove Albion;3;Liverpool;0;60.8;39.2;16;6;9;2;3;3;4;1;88.2;83.3;2;2;7;1;4;2;56.3;63.2;58.3;41.7;2;5;9;15;1;3;0;0
14.01.2023;12:30:00;75546;Manchester United;2;Manchester City;1;29.4;70.6;8;5;4;1;1;2;3;2;74.2;89.3;4;1;1;2;6;2;53.3;16.7;47.4;52.6;0;1;15;5;3;0;0;0
14.01.2023;17:30:00;17031;Brentford;2;Bournemouth;0;49.9;50.1;12;7;4;2;7;3;1;2;74.4;77.7;0;0;5;3;2;1;55;57.9;47.4;52.6;2;2;5;9;1;1;0;0
14.01.2023;15:00:00;31511;Wolverhampton Wanderers;1;West Ham United;0;58.5;41.5;17;16;4;4;6;5;7;7;83.9;78;0;0;4;3;4;1;60;36.4;45.7;54.3;3;3;10;7;0;2;0;0
14.01.2023;15:00:00;29301;Nottingham Forest;2;Leicester City;0;38.8;61.2;15;6;5;1;4;3;6;2;75.4;82.6;3;2;3;5;2;1;42.9;58.3;54.2;45.8;1;3;11;12;1;2;0;0
15.01.2023;14:00:00;40075;Chelsea;1;Crystal Palace;0;62.5;37.5;15;10;5;5;5;2;5;3;84.6;74.3;3;0;11;7;3;1;54.5;45.8;66;34;5;4;10;17;2;5;0;0
15.01.2023;14:00:00;52247;Newcastle United;1;Fulham;0;62.3;37.7;20;5;5;0;7;4;8;1;82.2;70;2;0;10;5;2;3;72.2;58.8;46.2;53.8;0;4;6;14;1;3;0;0
15.01.2023;16:30:00;61870;Tottenham Hotspur;0;Arsenal;2;50.6;49.4;17;14;7;5;4;5;6;4;82.6;84.2;2;2;4;3;1;2;64.7;61.5;62.9;37.1;4;7;16;15;4;2;0;0
18.01.2023;20:00:00;23343;Crystal Palace;1;Manchester United;1;39.4;60.6;10;15;5;4;3;8;2;3;73.7;81.3;0;2;3;3;0;0;45.8;56.3;59.1;40.9;3;4;9;10;1;2;0;0
19.01.2023;20:00:00;53088;Manchester City;4;Tottenham Hotspur;2;57.9;42.1;16;9;6;3;5;4;5;2;87.7;83;3;1;8;3;0;1;73.3;56.3;50;50;1;2;10;14;1;2;0;0
21.01.2023;17:30:00;25350;Crystal Palace;0;Newcastle United;0;39.2;60.8;6;16;1;7;1;7;4;2;67.1;79.1;0;2;3;15;0;1;58.6;47.4;47.4;52.6;7;1;13;7;4;2;0;0
21.01.2023;15:00:00;10248;Bournemouth;1;Nottingham Forest;1;42.4;57.6;16;20;4;5;8;11;4;4;72.4;80;2;1;4;6;2;2;54.5;47.6;52.6;47.4;4;2;10;7;1;2;0;0
21.01.2023;12:30:00;53126;Liverpool;0;Chelsea;0;47.5;52.5;15;11;3;2;6;6;6;3;78.6;80.9;1;4;5;5;5;1;72.2;38.1;40;60;2;3;16;9;3;1;0;0
21.01.2023;15:00:00;32056;Leicester City;2;Brighton and Hove Albion;2;36.6;63.4;9;13;2;4;2;6;5;3;79.4;88.4;0;3;5;6;0;2;68.8;54.5;60;40;2;0;9;9;0;1;0;0
21.01.2023;15:00:00;62470;West Ham United;2;Everton;0;32.2;67.8;11;5;4;2;3;1;4;2;79.5;87.7;2;0;4;9;1;2;52.9;52.6;48.6;51.4;2;2;9;6;1;1;0;0
21.01.2023;15:00:00;30158;Southampton;0;Aston Villa;1;36.5;63.5;8;16;5;5;2;8;1;3;70.8;80.6;1;1;2;2;3;0;44;47.4;62.2;37.8;4;5;19;9;1;2;0;0
22.01.2023;14:00:00;36260;Leeds United;0;Brentford;0;58.5;41.5;9;6;5;0;1;5;3;1;73.7;64.5;0;0;2;3;1;1;47.1;42.9;50;50;0;5;10;18;2;2;0;0
22.01.2023;14:00:00;53282;Manchester City;3;Wolverhampton Wanderers;0;55.3;44.7;13;10;7;1;5;5;1;4;89.6;85.6;4;0;5;7;1;0;62.5;53.3;60.9;39.1;1;3;10;10;1;2;0;0
22.01.2023;16:30:00;60325;Arsenal;3;Manchester United;2;57.2;42.8;25;6;5;4;7;0;13;2;81.3;77.5;2;0;12;4;1;4;66.7;52.4;40.7;59.3;2;2;8;9;1;2;0;0
23.01.2023;20:15:00;24190;Fulham;0;Tottenham Hotspur;1;52.9;47.1;10;10;5;3;4;4;1;3;82.1;78.3;1;1;3;8;2;0;52.6;52.2;30;70;2;5;10;10;1;3;0;0
03.02.2023;20:00:00;40041;Chelsea;0;Fulham;0;66.9;33.1;12;10;3;4;7;3;2;3;85.8;72.2;1;0;6;2;3;0;54.2;73.7;52;48;4;2;16;12;1;4;0;0
04.02.2023;15:00:00;17051;Brentford;3;Southampton;0;48.3;51.7;14;14;4;6;6;4;4;4;69.2;75.6;3;1;4;4;1;2;53.8;66.7;44.4;55.6;5;0;10;9;1;2;0;0
04.02.2023;15:00:00;42055;Aston Villa;2;Leicester City;4;63.2;36.8;19;9;4;5;6;4;9;0;86.7;74.8;0;4;11;3;2;8;66.7;69.6;54.5;45.5;1;3;10;10;0;3;0;0
04.02.2023;12:30:00;39314;Everton;1;Arsenal;0;29.5;70.5;12;15;4;3;5;7;3;5;71.4;86.5;4;0;7;5;3;0;61.1;78.6;58.6;41.4;2;3;13;8;4;1;0;0
04.02.2023;15:00:00;31600;Brighton and Hove Albion;1;Bournemouth;0;71.8;28.2;20;12;6;2;7;7;7;3;89.3;72.3;2;0;7;3;0;1;52.9;60;29.2;70.8;2;5;14;7;3;1;0;0
04.02.2023;17:30:00;52256;Newcastle United;1;West Ham United;1;62.7;37.3;8;10;2;1;3;5;3;4;80.6;69;3;1;4;2;0;2;61.5;57.9;57.1;42.9;0;1;11;13;2;1;0;0
04.02.2023;15:00:00;31664;Wolverhampton Wanderers;3;Liverpool;0;41.8;58.2;12;22;6;4;5;8;1;10;74.9;85.5;3;1;2;7;1;2;62.5;70;46.7;53.3;2;3;9;7;1;1;0;0
04.02.2023;15:00:00;73420;Manchester United;2;Crystal Palace;1;53.1;46.9;14;10;5;3;5;5;4;2;85.4;80.3;0;2;5;5;1;4;57.1;56.3;57.9;42.1;2;3;9;9;1;2;1;0
05.02.2023;14:00:00;29363;Nottingham Forest;1;Leeds United;0;30.1;69.9;6;10;2;4;2;3;2;3;54.5;74.9;0;1;0;2;2;3;65.4;73.7;48.3;51.7;4;1;15;14;4;2;0;0
05.02.2023;16:30:00;61747;Tottenham Hotspur;1;Manchester City;0;35.2;64.8;12;15;3;5;5;5;4;5;74.6;87.6;2;0;4;6;2;1;57.1;47.4;36;64;5;2;19;14;2;3;1;0
08.02.2023;20:00:00;73456;Manchester United;2;Leeds United;2;65.9;34.1;24;8;7;2;9;4;8;2;81;64.4;1;1;6;5;1;0;57.9;66.7;50;50;1;5;7;11;1;3;0;0
11.02.2023;15:00:00;24827;Crystal Palace;1;Brighton and Hove Albion;1;25.8;74.2;6;17;1;7;2;5;3;5;70.4;89.9;0;5;1;6;3;2;73.7;56.5;38.5;61.5;6;0;10;11;4;1;0;0
11.02.2023;15:00:00;60254;Arsenal;1;Brentford;1;69.2;30.8;23;9;7;2;10;4;6;3;86.4;66.3;1;3;7;4;1;1;60;66.7;28.9;71.1;1;6;9;9;0;2;0;0
11.02.2023;12:30:00;62471;West Ham United;1;Chelsea;1;28.2;71.8;10;12;2;4;5;4;3;4;75.7;90.5;1;1;5;6;3;4;60.9;81;45.5;54.5;3;1;9;11;1;1;0;0
11.02.2023;15:00:00;24244;Fulham;2;Nottingham Forest;0;50;50;16;10;3;1;11;7;2;2;79;77;2;1;5;4;1;3;50;80;52.9;47.1;1;1;9;11;0;1;0;0
11.02.2023;17:30:00;10419;Bournemouth;1;Newcastle United;1;33.2;66.8;11;15;5;7;5;5;1;3;66.7;81.8;2;0;4;6;2;5;55;60;51.5;48.5;6;3;8;10;2;3;0;0
11.02.2023;15:00:00;29751;Southampton;1;Wolverhampton Wanderers;2;40.9;59.1;17;11;2;2;10;2;5;7;70.5;80.5;0;0;5;2;0;3;68.8;57.1;67.4;32.6;0;1;12;14;2;3;0;1
11.02.2023;15:00:00;32184;Leicester City;4;Tottenham Hotspur;1;48.9;51.1;15;11;7;4;6;6;2;1;78.4;82.7;2;0;1;5;2;2;63;60;27.8;72.2;3;2;14;9;5;2;0;0
12.02.2023;14:00:00;36919;Leeds United;0;Manchester United;2;33;67;16;11;6;5;4;4;6;2;67.7;81.6;1;2;7;3;3;3;56.5;70;57.1;42.9;3;6;10;13;2;1;0;0
12.02.2023;16:30:00;53392;Manchester City;3;Aston Villa;1;67.2;32.8;17;6;9;2;3;2;5;2;90;81.3;4;0;8;4;1;4;42.9;42.9;66.7;33.3;1;5;13;14;1;2;0;0
13.02.2023;20:00:00;53027;Liverpool;2;Everton;0;59.1;40.9;15;6;6;1;4;4;5;1;86.3;78.7;2;1;3;3;4;2;71.4;44.4;57.1;42.9;1;4;8;16;1;3;0;0
15.02.2023;19:30:00;60276;Arsenal;1;Manchester City;3;63.5;36.5;10;9;1;6;4;1;5;2;83;72.3;2;4;1;3;0;3;38.5;70.6;44;56;2;0;11;15;2;4;0;0
18.02.2023;15:00:00;31619;Brighton and Hove Albion;0;Fulham;1;65.3;34.7;21;5;7;2;10;0;4;3;87.7;73.1;5;0;10;2;4;0;40;38.5;59.3;40.7;1;7;12;14;0;5;0;0
18.02.2023;15:00:00;40152;Chelsea;0;Southampton;1;61.3;38.7;17;8;5;5;5;3;7;0;85.9;75.3;2;0;8;2;3;1;76.5;71;52;48;3;4;16;25;3;6;0;0
18.02.2023;12:30:00;42066;Aston Villa;2;Arsenal;4;33.4;66.6;7;20;5;5;1;8;1;7;76.8;85.6;0;5;2;9;0;2;72;55.6;48;52;2;3;13;4;2;2;0;0
18.02.2023;15:00:00;17122;Brentford;1;Crystal Palace;1;58.7;41.3;12;10;5;4;6;3;1;3;82.4;77.8;1;1;2;6;3;2;50;60;60;40;3;4;10;8;2;2;0;0
18.02.2023;15:00:00;31222;Wolverhampton Wanderers;0;Bournemouth;1;68.6;31.4;15;5;4;1;5;1;6;3;84.4;67.7;0;1;12;2;2;0;68.8;44.4;44.2;55.8;0;4;12;10;3;3;0;0
18.02.2023;17:30:00;52758;Newcastle United;0;Liverpool;2;37.4;62.6;14;13;4;7;7;4;3;2;82;88.1;3;5;6;7;3;0;90;50;68.8;31.3;5;4;3;8;1;1;1;0
18.02.2023;15:00:00;39232;Everton;1;Leeds United;0;50;50;15;8;6;0;7;4;2;4;73.4;69;2;1;6;4;1;0;56.5;58.3;47.4;52.6;0;3;8;6;2;3;0;0
18.02.2023;15:00:00;29365;Nottingham Forest;1;Manchester City;1;27;73;4;23;1;6;2;11;1;6;65.1;88;1;2;0;10;2;0;61.5;70;56.5;43.5;5;0;8;6;1;0;0;0
19.02.2023;14:00:00;73578;Manchester United;3;Leicester City;0;56.9;43.1;26;19;8;3;9;9;9;7;84.6;81.1;6;2;6;6;0;1;69.6;53.8;69.6;30.4;3;5;9;9;0;2;0;0
19.02.2023;16:30:00;61476;Tottenham Hotspur;2;West Ham United;0;57;43;16;6;6;1;4;4;6;1;84.6;74.9;2;0;4;7;0;0;68.4;61.1;48.7;51.3;1;4;16;10;2;1;0;0
24.02.2023;20:00:00;24399;Fulham;1;Wolverhampton Wanderers;1;50.5;49.5;10;8;5;2;2;5;3;1;81.3;76.2;2;1;4;3;1;1;55;73.7;36.7;63.3;1;4;12;17;2;0;0;0
25.02.2023;15:00:00;32227;Leicester City;0;Arsenal;1;34.1;65.9;1;10;0;2;1;3;0;5;68.9;82.4;0;1;0;8;4;4;66.7;54.5;47.1;52.9;1;0;14;9;0;1;0;0
25.02.2023;15:00:00;36641;Leeds United;1;Southampton;0;60.6;39.4;14;8;4;2;6;3;4;3;84.6;77.7;0;0;9;2;2;3;65.2;55.6;52.2;47.8;2;3;15;13;2;4;0;0
25.02.2023;15:00:00;39309;Everton;0;Aston Villa;2;46.5;53.5;15;9;5;5;7;4;3;0;78.5;79.2;0;3;5;1;1;0;50;50;48.6;51.4;3;4;12;12;2;1;0;0
25.02.2023;19:45:00;25842;Crystal Palace;0;Liverpool;0;36.2;63.8;6;12;0;4;4;5;2;3;74.5;84.5;2;2;5;3;4;1;68.8;64.3;50;50;4;0;11;14;2;5;0;0
25.02.2023;17:30:00;10481;Bournemouth;1;Manchester City;4;34;66;13;20;2;5;5;8;6;7;83;90.1;0;1;4;6;1;2;53.3;65.4;52.6;47.4;2;1;10;9;2;2;0;0
25.02.2023;15:00:00;62469;West Ham United;4;Nottingham Forest;0;49.1;50.9;18;8;5;3;8;3;5;2;78;78.2;4;0;12;3;1;1;69.2;60;52.1;47.9;3;1;8;5;0;0;0;0
26.02.2023;13:30:00;61613;Tottenham Hotspur;2;Chelsea;0;41.2;58.8;8;10;3;2;4;5;1;3;82.2;89.3;1;0;4;4;0;2;59.3;78.9;60.7;39.3;2;1;10;10;2;3;0;0
01.03.2023;19:45:00;60213;Arsenal;4;Everton;0;73.1;26.9;15;8;5;5;5;2;5;1;87.6;67.5;4;1;5;1;4;2;100;66.7;42.3;57.7;5;1;5;12;0;2;0;0
01.03.2023;20:00:00;53259;Liverpool;2;Wolverhampton Wanderers;0;56.8;43.2;15;4;6;1;6;2;3;1;83.1;80.1;3;1;5;2;1;3;83.3;57.1;42.9;57.1;1;4;13;14;2;3;0;0
04.03.2023;15:00:00;41893;Aston Villa;1;Crystal Palace;0;58.1;41.9;8;3;1;0;4;2;3;1;87.8;83.8;1;0;2;4;0;5;61.5;59.1;66.7;33.3;0;1;14;17;2;3;0;1
04.03.2023;15:00:00;60222;Arsenal;3;Bournemouth;2;80.1;19.9;31;4;9;4;10;0;12;0;88.6;57.6;1;2;17;1;0;0;58.8;75;55.9;44.1;2;6;6;8;0;2;0;0
04.03.2023;12:30:00;53419;Manchester City;2;Newcastle United;0;56.3;43.7;11;5;3;2;6;1;2;2;86.5;80.7;2;1;8;4;0;1;46.2;63.6;56.3;43.8;2;1;8;13;2;4;0;0
04.03.2023;15:00:00;31523;Brighton and Hove Albion;4;West Ham United;0;65.8;34.2;20;3;9;2;7;0;4;1;90.5;78.8;2;0;7;3;0;0;50;45.5;57.1;42.9;2;5;6;8;0;3;0;0
04.03.2023;17:30:00;30139;Southampton;1;Leicester City;0;34.9;65.1;11;11;5;0;2;7;4;4;68.8;79;0;3;3;4;4;2;42.9;63.6;31.6;68.4;0;4;12;11;4;2;0;0
04.03.2023;15:00:00;31585;Wolverhampton Wanderers;1;Tottenham Hotspur;0;46.5;53.5;8;21;5;6;3;6;0;9;81.5;85.8;2;2;4;8;3;1;50;60;47.4;52.6;6;4;11;18;1;1;0;0
04.03.2023;15:00:00;39905;Chelsea;1;Leeds United;0;57.2;42.8;13;11;3;2;8;6;2;3;87.6;79.3;3;0;5;7;2;2;65.4;65.2;46.7;53.3;2;2;11;7;2;0;0;0
05.03.2023;14:00:00;29353;Nottingham Forest;2;Everton;2;57.1;42.9;10;10;4;3;2;2;4;5;76.7;66.5;0;2;3;3;0;0;70.8;61.9;41.2;58.8;1;2;11;17;3;5;0;0
05.03.2023;16:30:00;53001;Liverpool;7;Manchester United;0;59.6;40.4;18;8;8;4;5;3;5;1;78;71;6;2;4;3;0;4;82.4;66.7;42.9;57.1;4;1;13;14;2;3;0;0
06.03.2023;20:00:00;17025;Brentford;3;Fulham;2;36.2;63.8;14;9;6;5;7;4;1;0;66.8;82.8;3;0;2;3;3;1;68.2;58.3;69.2;30.8;3;3;12;17;0;3;0;0
11.03.2023;15:00:00;36471;Leeds United;2;Brighton and Hove Albion;2;38;62;12;15;4;3;3;8;5;4;82;86.1;0;2;4;7;3;3;71.4;54.2;29.4;70.6;2;2;12;9;1;1;0;0
11.03.2023;15:00:00;39036;Everton;1;Brentford;0;33.3;66.7;13;12;6;4;6;6;1;2;62.6;77.4;1;3;5;8;3;1;56;81.8;43.9;56.1;3;5;11;12;2;1;0;0
11.03.2023;12:30:00;10536;Bournemouth;1;Liverpool;0;30.7;69.3;5;15;2;6;3;8;0;1;65.5;83.4;2;3;3;8;2;4;63.6;68.2;54.8;45.2;5;1;7;9;2;1;0;0
11.03.2023;17:30:00;25844;Crystal Palace;0;Manchester City;1;32.2;67.8;4;14;0;4;0;5;4;5;75.2;87.3;0;2;2;6;3;2;72.7;50;42.9;57.1;3;0;11;17;2;2;0;0
11.03.2023;15:00:00;61460;Tottenham Hotspur;3;Nottingham Forest;1;55.2;44.8;15;9;7;5;3;2;5;2;87.1;81.3;0;1;2;10;1;1;60;87.5;60.7;39.3;4;4;13;13;3;1;0;0
11.03.2023;15:00:00;32170;Leicester City;1;Chelsea;3;48.4;51.6;17;12;7;6;4;3;6;3;83;84.4;3;2;2;5;0;4;73.3;58.3;65.5;34.5;3;5;10;11;1;2;1;0
12.03.2023;14:00:00;73439;Manchester United;0;Southampton;0;46.7;53.3;10;17;4;4;3;4;3;9;78;84.5;2;1;7;8;0;2;43.5;78.6;68.8;31.3;4;4;12;9;2;0;1;0
12.03.2023;14:00:00;24426;Fulham;0;Arsenal;3;44.7;55.3;12;15;2;7;6;3;4;5;82.7;86.5;0;4;4;8;2;2;57.1;70;59.3;40.7;4;2;10;9;0;1;0;0
12.03.2023;16:30:00;52240;Newcastle United;2;Wolverhampton Wanderers;1;42.1;57.9;19;7;8;4;3;3;8;0;78.8;81.2;3;0;10;3;0;0;46.2;60;52.2;47.8;3;6;11;10;1;2;0;0
12.03.2023;14:00:00;62472;West Ham United;1;Aston Villa;1;40.8;59.2;17;12;6;4;8;4;3;4;82.4;87;2;3;13;2;6;1;55.6;66.7;60;40;3;4;9;6;1;0;0;0
15.03.2023;19:30:00;30933;Brighton and Hove Albion;1;Crystal Palace;0;57.1;42.9;11;11;5;3;5;6;1;2;84.3;80.2;0;2;1;4;2;0;55;73.3;76.9;23.1;3;4;13;20;1;2;0;0
15.03.2023;19:30:00;30438;Southampton;0;Brentford;2;66.4;33.6;7;11;1;5;3;2;3;4;82.4;64.4;0;3;3;3;1;1;37.5;55;41.5;58.5;2;0;14;10;1;2;0;0
17.03.2023;20:00:00;29362;Nottingham Forest;1;Newcastle United;2;38.4;61.6;5;15;3;4;2;5;0;6;67.4;79.7;0;2;3;7;1;1;75;73.3;34.2;65.8;2;2;17;9;5;1;0;0
18.03.2023;15:00:00;17006;Brentford;1;Leicester City;1;52.9;47.1;11;14;2;1;2;6;7;7;77.3;80.1;0;1;8;4;1;3;77.3;41.7;51.6;48.4;0;1;10;11;1;2;1;0
18.03.2023;15:00:00;41021;Aston Villa;3;Bournemouth;0;55.8;44.2;20;10;9;3;3;4;8;3;85.2;84;5;0;9;6;0;2;62.5;75;43.8;56.3;3;6;8;13;1;4;0;0
18.03.2023;15:00:00;30157;Southampton;3;Tottenham Hotspur;3;50.4;49.6;19;17;7;3;7;9;5;5;84.9;83.8;2;2;10;3;2;1;76.9;68.4;41.7;58.3;0;4;13;8;1;1;0;0
18.03.2023;17:30:00;40025;Chelsea;2;Everton;2;68.9;31.1;20;12;7;3;3;4;10;5;83.9;67.1;0;3;8;2;2;1;73.3;65;67.9;32.1;1;5;8;12;2;2;0;0
18.03.2023;15:00:00;31570;Wolverhampton Wanderers;2;Leeds United;4;65.9;34.1;23;11;8;4;9;5;6;2;83.1;67.7;4;2;5;4;2;0;71.4;66.7;59.3;40.7;0;6;15;9;3;5;2;0
19.03.2023;14:00:00;60247;Arsenal;4;Crystal Palace;1;62.2;37.8;15;9;5;5;5;1;5;3;86.7;77.9;1;1;5;4;2;2;60;55.6;62.1;37.9;4;1;8;10;0;1;0;0
01.04.2023;15:00:00;10305;Bournemouth;2;Fulham;1;42.7;57.3;12;10;7;2;3;6;2;2;76.6;85.5;2;0;4;3;1;1;76.5;57.9;52.2;47.8;1;4;15;13;1;4;0;0
01.04.2023;15:00:00;60283;Arsenal;4;Leeds United;1;67.1;32.9;13;7;6;5;2;1;5;1;85.5;71.7;5;0;4;3;5;1;60;57.1;62.5;37.5;4;1;11;13;0;2;0;0
01.04.2023;12:30:00;52877;Manchester City;4;Liverpool;1;68.1;31.9;17;4;8;1;3;0;6;3;91.9;82.3;3;0;7;1;3;5;0;66.7;12.5;87.5;0;4;9;12;1;1;0;0
01.04.2023;15:00:00;31493;Brighton and Hove Albion;3;Brentford;3;72.2;27.8;33;7;15;5;8;1;10;1;87.1;66.1;4;2;14;0;2;2;66.7;43.8;61.5;38.5;2;11;16;10;2;1;0;0
01.04.2023;17:30:00;40082;Chelsea;0;Aston Villa;2;69;31;27;5;8;2;15;3;4;0;90.5;75.1;2;1;13;2;2;0;72.2;58.3;45.8;54.2;0;7;14;16;3;3;0;0
01.04.2023;15:00:00;29368;Nottingham Forest;1;Wolverhampton Wanderers;1;27.6;72.4;17;8;7;1;7;3;3;4;68.9;85.1;0;0;4;3;2;0;53.3;42.9;51.5;48.5;0;6;14;13;3;5;0;0
01.04.2023;15:00:00;25143;Crystal Palace;2;Leicester City;1;51;49;31;3;9;2;8;0;14;1;80;77.5;2;0;10;1;1;2;66.7;50;46.9;53.1;1;8;12;16;3;4;0;0
02.04.2023;14:00:00;62465;West Ham United;1;Southampton;0;43;57;12;9;2;3;7;4;3;2;73.4;83.6;2;0;5;3;1;1;67.9;57.7;38.7;61.3;3;2;10;11;0;2;0;0
02.04.2023;16:30:00;52268;Newcastle United;2;Manchester United;0;45.7;54.3;22;6;6;1;9;3;7;2;77;81.1;3;0;7;4;1;0;68.2;66.7;63.6;36.4;1;4;8;12;0;0;0;0
03.04.2023;20:00:00;39294;Everton;1;Tottenham Hotspur;1;39.3;60.7;15;8;6;2;5;5;4;1;80.4;84.2;1;1;3;3;1;3;65.2;57.1;46.4;53.6;0;5;10;14;0;3;1;1
04.04.2023;19:45:00;36740;Leeds United;2;Nottingham Forest;1;62.4;37.6;21;13;6;1;6;4;9;8;81.2;66.9;1;0;11;4;3;3;60;27.8;60.5;39.5;0;4;11;13;1;4;0;0
04.04.2023;19:45:00;10266;Bournemouth;0;Brighton and Hove Albion;2;36.7;63.3;14;16;3;6;6;9;5;1;78.2;87.1;1;3;5;5;1;0;44.4;52.9;46.2;53.8;4;3;11;5;1;1;0;0
04.04.2023;20:00:00;40093;Chelsea;0;Liverpool;0;49.6;50.4;12;7;3;4;7;0;2;3;83.7;83.6;3;0;3;5;4;3;75;53.8;44.4;55.6;3;2;6;17;1;4;0;0
04.04.2023;19:45:00;32087;Leicester City;1;Aston Villa;2;35.9;64.1;9;15;4;5;4;5;1;5;74.5;88.2;2;1;4;8;2;1;68.4;42.9;37.5;62.5;3;3;10;14;2;0;1;0
05.04.2023;20:00:00;73309;Manchester United;1;Brentford;0;64.7;35.3;18;6;3;1;8;4;7;1;85.7;76.1;1;1;12;3;2;1;73.3;72.2;57.5;42.5;1;2;9;13;3;2;0;0
05.04.2023;20:00:00;62470;West Ham United;1;Newcastle United;5;42;58;7;15;2;8;3;5;2;2;73.6;80.7;1;4;7;6;0;0;38.5;58.3;38.7;61.3;2;1;11;12;2;1;0;0
08.04.2023;15:00:00;17107;Brentford;1;Newcastle United;2;41;59;12;10;6;4;4;4;2;2;75.5;82.6;0;1;6;5;2;2;87.5;52.6;53.3;46.7;3;5;10;15;0;2;0;0
08.04.2023;15:00:00;24491;Fulham;0;West Ham United;1;76.6;23.4;16;9;3;5;2;4;11;0;88.2;62.2;1;1;11;4;0;2;52.9;35.3;38.5;61.5;5;3;10;12;1;1;0;0
08.04.2023;12:30:00;73509;Manchester United;2;Everton;0;63.8;36.2;29;15;11;1;10;6;8;8;87.1;71.3;5;1;10;4;3;2;60;66.7;50;50;1;9;10;9;0;0;0;0
08.04.2023;15:00:00;42076;Aston Villa;2;Nottingham Forest;0;65.3;34.7;8;6;3;2;4;1;1;3;85.7;65.6;1;0;1;8;1;7;66.7;64.7;44;56;2;1;7;17;3;4;0;0
08.04.2023;15:00:00;31614;Wolverhampton Wanderers;1;Chelsea;0;37.6;62.4;9;13;4;1;3;4;2;8;74.5;83.6;0;0;8;8;2;1;59.1;55.6;36;64;1;3;14;10;2;5;0;0
08.04.2023;17:30:00;30963;Southampton;1;Manchester City;4;27.2;72.8;4;13;1;8;2;2;1;3;75.3;89.2;1;3;0;10;0;2;81.8;77.8;35;65;4;0;6;10;0;2;0;0
08.04.2023;15:00:00;32094;Leicester City;0;Bournemouth;1;50.8;49.2;14;19;4;7;8;2;2;10;75.4;78.7;1;1;6;6;3;2;42.1;62.5;47.4;52.6;6;4;10;13;0;3;0;0
08.04.2023;15:00:00;61405;Tottenham Hotspur;2;Brighton and Hove Albion;1;35.2;64.8;9;17;3;4;4;5;2;8;77.3;87.1;0;2;3;7;2;1;58.8;44.4;33.3;66.7;3;1;15;15;3;1;0;0
09.04.2023;14:00:00;36427;Leeds United;1;Crystal Palace;5;48;52;11;16;7;8;4;4;0;4;75.7;74.5;1;5;2;4;2;2;55.9;72.7;41;59;2;7;11;8;3;1;0;0
09.04.2023;16:30:00;53267;Liverpool;2;Arsenal;2;59;41;21;9;6;5;10;2;5;2;82.3;76.6;6;2;5;4;2;2;54.5;52.4;51.9;48.1;3;4;11;11;4;4;0;0
15.04.2023;15:00:00;39241;Everton;1;Fulham;3;46.5;53.5;15;21;7;7;6;9;2;5;74;75.2;3;2;4;8;1;0;71.4;64.7;50;50;4;6;10;6;3;2;0;0
15.04.2023;15:00:00;40126;Chelsea;1;Brighton and Hove Albion;2;42.6;57.4;8;26;2;10;5;10;1;6;81.4;85.6;0;1;2;8;1;1;72.2;54.2;52.9;47.1;9;1;11;11;2;2;0;0
15.04.2023;12:30:00;42055;Aston Villa;3;Newcastle United;0;52;48;16;8;6;2;6;3;4;3;78.2;78.2;3;1;7;2;1;4;61.1;61.1;42.1;57.9;2;3;13;15;1;1;0;0
15.04.2023;15:00:00;30309;Southampton;0;Crystal Palace;2;58.2;41.8;11;10;4;2;4;4;3;4;84.2;75.7;1;0;6;2;3;1;46.7;77.3;58.8;41.2;0;4;6;13;3;1;0;0
15.04.2023;17:30:00;53329;Manchester City;3;Leicester City;1;70.6;29.4;12;11;4;4;5;4;3;3;92.2;80.1;1;1;6;2;0;3;54.5;70;31.8;68.2;3;1;8;8;1;1;0;0
15.04.2023;15:00:00;30769;Wolverhampton Wanderers;2;Brentford;0;50.6;49.4;11;10;9;3;0;3;2;4;79.5;80.7;0;0;5;2;0;1;52.4;47.8;35.5;64.5;3;7;12;8;1;1;0;0
15.04.2023;15:00:00;61369;Tottenham Hotspur;2;Bournemouth;3;57.4;42.6;24;9;8;6;8;2;8;1;81.4;76.3;3;2;8;1;1;1;64.7;70.6;67.7;32.3;3;6;8;9;1;3;0;0
16.04.2023;14:00:00;62475;West Ham United;2;Arsenal;2;28.5;71.5;16;11;3;5;6;4;7;2;69;87;2;2;7;2;4;1;47.1;69.2;54.8;45.2;3;1;11;8;1;2;0;0
16.04.2023;16:30:00;29435;Nottingham Forest;0;Manchester United;2;31.8;68.2;6;22;0;8;4;9;2;5;65.1;82.9;2;4;4;9;1;3;55;83.3;46.4;53.6;5;0;9;9;2;2;0;0
17.04.2023;20:00:00;36657;Leeds United;1;Liverpool;6;26.4;73.6;13;13;3;7;7;4;3;2;68.9;89.1;1;4;4;2;1;2;53.8;47.6;52.6;47.4;1;2;6;12;0;1;0;0
21.04.2023;20:00:00;60175;Arsenal;3;Southampton;3;74.2;25.8;25;8;6;6;11;1;8;1;86.1;64.6;2;2;7;2;1;2;58.8;68.2;57.7;42.3;3;2;10;14;1;5;0;0
22.04.2023;15:00:00;17098;Brentford;1;Aston Villa;1;42.5;57.5;16;14;5;2;6;11;5;1;68.2;78.9;3;3;8;4;6;3;37.5;33.3;58.1;41.9;1;4;12;8;3;2;0;0
22.04.2023;12:30:00;24356;Fulham;2;Leeds United;1;49.3;50.7;12;10;5;2;3;4;4;4;74.9;72.4;0;0;8;6;5;2;57.9;50;42.1;57.9;2;3;10;15;1;4;0;0
22.04.2023;15:00:00;25202;Crystal Palace;0;Everton;0;56.9;43.1;12;10;2;5;5;3;5;2;74.6;67.3;0;0;8;1;1;3;73.3;64.3;41.9;58.1;5;2;12;14;1;1;0;1
22.04.2023;15:00:00;;Liverpool;3;Nottingham Forest;2;81.1;18.9;18;11;6;5;7;5;5;1;87.7;52.7;5;1;9;3;2;3;57.1;73.3;57.6;42.4;3;2;9;12;0;1;0;0
22.04.2023;15:00:00;32053;Leicester City;2;Wolverhampton Wanderers;1;41.8;58.2;15;16;8;3;4;7;3;6;74.2;81.7;1;0;1;7;1;3;54.5;66.7;55.3;44.7;2;5;17;16;1;3;0;0
23.04.2023;14:00:00;10465;Bournemouth;0;West Ham United;4;64.6;35.4;17;18;5;10;7;4;5;4;87.1;77.7;1;3;8;5;0;3;63.6;52.9;48.4;51.6;6;5;7;8;1;2;0;0
23.04.2023;14:00:00;52252;Newcastle United;6;Tottenham Hotspur;1;57;43;25;11;8;3;5;5;12;3;86.4;79.1;5;1;9;3;2;0;53.8;64.7;71.4;28.6;2;2;7;13;0;3;0;0
25.04.2023;19:30:00;30792;Wolverhampton Wanderers;2;Crystal Palace;0;41.2;58.8;9;14;3;4;4;4;2;6;73.8;81.6;0;0;6;11;2;1;38.1;54.5;55.9;44.1;4;2;13;14;5;4;0;0
25.04.2023;19:45:00;41046;Aston Villa;1;Fulham;0;51.8;48.2;14;1;3;0;4;1;7;0;83.7;81.3;0;0;8;2;0;5;63.6;38.1;65.2;34.8;0;2;6;18;3;2;0;0
25.04.2023;20:00:00;36666;Leeds United;1;Leicester City;1;40.8;59.2;13;15;3;3;6;6;4;6;64.2;73;3;3;3;6;4;6;50;61.9;47.1;52.9;2;2;14;15;4;2;0;0
26.04.2023;19:45:00;39929;Chelsea;0;Brentford;2;72.9;27.1;15;7;4;1;8;5;3;1;88.2;65.8;1;0;5;2;0;2;50;46.2;55.9;44.1;0;4;5;13;1;2;0;0
26.04.2023;19:30:00;28808;Nottingham Forest;3;Brighton and Hove Albion;1;24.8;75.2;12;17;5;7;5;6;2;4;66.8;86.5;1;2;2;7;1;2;61.1;64.3;47.4;52.6;6;3;7;8;2;0;0;0
26.04.2023;20:00:00;53482;Manchester City;4;Arsenal;1;51.9;48.1;14;8;9;2;3;3;2;3;85.1;84.7;4;0;1;3;0;1;72.7;40;55.6;44.4;1;5;13;13;3;1;0;0
26.04.2023;19:45:00;62473;West Ham United;1;Liverpool;2;27.4;72.6;7;20;2;4;4;9;1;7;69.8;87.4;0;3;3;6;1;1;84.6;55;36.4;63.6;2;1;6;8;0;0;0;0
27.04.2023;19:45:00;39248;Everton;1;Newcastle United;4;39.6;60.4;13;15;5;8;5;3;3;4;65.3;74.8;0;1;3;14;3;1;50;50;55;45;3;4;8;6;2;1;0;0
27.04.2023;19:45:00;30414;Southampton;0;Bournemouth;1;56.5;43.5;11;16;2;2;6;4;3;10;82;78.4;0;0;6;4;4;2;78.9;57.1;45.5;54.5;1;2;9;11;0;3;0;0
27.04.2023;20:15:00;61586;Tottenham Hotspur;2;Manchester United;2;39.9;60.1;18;17;7;8;7;5;4;4;81.4;86.3;4;3;6;8;2;3;68.4;81.3;52.2;47.8;5;5;8;7;1;2;0;0
29.04.2023;12:30:00;25148;Crystal Palace;4;West Ham United;3;59.9;40.1;16;8;6;4;4;3;6;1;78.7;65.6;0;1;8;5;1;1;61.9;65.2;57.4;42.6;1;2;9;17;1;2;0;0
29.04.2023;15:00:00;17080;Brentford;2;Nottingham Forest;1;68.9;31.1;14;5;8;3;3;1;3;1;84.7;68.2;0;1;6;0;1;1;55.6;61.9;48.9;51.1;2;6;6;13;1;2;0;0
29.04.2023;15:00:00;31584;Brighton and Hove Albion;6;Wolverhampton Wanderers;0;57.2;42.8;22;10;8;2;7;5;7;3;88.2;81.4;4;0;2;5;2;0;60;56.3;90;10;2;2;14;11;1;1;0;0
30.04.2023;14:00:00;24498;Fulham;1;Manchester City;2;37.4;62.6;4;12;1;9;1;3;2;0;81.3;87;1;1;2;5;3;1;63.6;71.4;46.9;53.1;7;0;9;10;1;3;0;0
30.04.2023;14:00:00;10434;Bournemouth;4;Leeds United;1;42.1;57.9;12;15;7;6;2;7;3;2;73;80.4;2;1;2;6;2;1;50;42.1;34.3;65.7;5;3;12;14;1;0;0;0
30.04.2023;14:00:00;73592;Manchester United;1;Aston Villa;0;57.1;42.9;14;7;6;1;6;2;2;4;84.9;78.1;1;0;1;4;7;3;78.6;46.7;50;50;1;5;16;7;2;0;0;0
30.04.2023;16:30:00;53275;Liverpool;4;Tottenham Hotspur;3;67.6;32.4;12;10;4;7;4;3;4;0;88.3;73.7;2;4;5;2;0;5;68.8;62.5;74.1;25.9;3;0;12;6;3;2;0;0
30.04.2023;14:00:00;52234;Newcastle United;3;Southampton;1;63.4;36.6;22;4;5;3;9;1;8;0;81.9;69.8;3;1;11;2;1;2;41.2;69.6;75;25;2;3;7;10;1;4;0;0
01.05.2023;20:00:00;32173;Leicester City;2;Everton;2;55.3;44.7;15;23;6;8;4;9;5;6;74.1;72.1;3;1;2;9;6;3;52.6;60;47.6;52.4;6;3;10;12;4;1;0;0
02.05.2023;20:00:00;60144;Arsenal;3;Chelsea;1;54.8;45.2;16;7;10;4;3;1;3;2;86.6;84.2;1;2;7;2;1;0;33.3;73.3;37.5;62.5;3;6;10;10;0;2;0;0
03.05.2023;20:00:00;52602;Liverpool;1;Fulham;0;57.1;42.9;15;9;3;3;9;3;3;3;85.2;83.9;1;1;7;5;3;2;57.1;53.3;66.7;33.3;3;2;10;8;0;0;0;0
03.05.2023;20:00:00;53305;Manchester City;3;West Ham United;0;68.9;31.1;16;6;7;2;7;3;2;1;90.7;78;6;1;6;3;1;0;56.3;66.7;41.7;58.3;2;4;8;8;0;1;0;0
04.05.2023;20:00:00;31577;Brighton and Hove Albion;1;Manchester United;0;59.6;40.4;22;16;6;5;11;6;5;5;86.3;75.6;0;2;8;6;0;2;53.3;65;63.2;36.8;5;5;10;14;4;4;0;0
06.05.2023;15:00:00;53406;Manchester City;2;Leeds United;1;80.9;19.1;18;4;6;2;10;1;2;1;91.1;59.7;2;0;10;1;4;3;71.4;50;52;48;1;4;3;16;0;3;0;0
06.05.2023;15:00:00;10357;Bournemouth;1;Chelsea;3;34;66;10;11;4;5;4;5;2;1;75.4;88.2;1;2;7;7;1;0;56.3;91.7;50;50;2;3;9;11;1;3;0;0
06.05.2023;15:00:00;61093;Tottenham Hotspur;1;Crystal Palace;0;57.5;42.5;8;7;3;2;3;3;2;2;84;75.4;3;0;8;4;1;0;46.2;73.3;63.3;36.7;2;2;15;14;3;5;0;0
06.05.2023;17:30:00;52838;Liverpool;1;Brentford;0;53.9;46.1;15;5;5;1;6;3;4;1;81.5;74.8;2;0;7;3;1;2;55.6;54.5;50;50;2;4;19;10;4;2;0;0
06.05.2023;15:00:00;31641;Wolverhampton Wanderers;1;Aston Villa;0;38;62;6;16;2;3;2;6;2;7;73.5;85.9;1;2;5;6;3;2;69.2;70;32.1;67.9;3;1;20;9;3;3;0;0
07.05.2023;16:30:00;50267;Newcastle United;0;Arsenal;2;54.3;45.7;12;10;5;6;4;2;3;2;79.7;79.2;2;2;9;4;0;1;50;78.3;58.6;41.4;5;5;16;12;2;1;0;0
07.05.2023;19:00:00;62477;West Ham United;1;Manchester United;0;34.6;65.4;15;19;4;4;5;12;6;3;76.2;86.5;2;1;5;6;1;1;41.2;50;53.1;46.9;4;3;4;9;0;2;0;0
08.05.2023;15:00:00;24442;Fulham;5;Leicester City;3;57.1;42.9;17;18;7;9;5;4;5;5;82;76.8;2;2;2;7;1;4;63.6;57.1;64;36;6;2;13;15;0;3;0;0
08.05.2023;17:30:00;31567;Brighton and Hove Albion;1;Everton;5;77.7;22.3;23;10;5;5;9;1;9;4;88.7;65.2;2;4;15;1;1;1;63.6;57.9;45.7;54.3;1;4;11;13;1;5;0;0
08.05.2023;20:00:00;29154;Nottingham Forest;4;Southampton;3;35.9;64.1;9;19;4;5;3;9;2;5;69.6;83.4;1;4;2;11;3;1;40;66.7;60;40;2;0;16;10;1;0;0;0
13.05.2023;15:00:00;40030;Chelsea;2;Nottingham Forest;2;76.1;23.9;14;11;6;2;3;7;5;2;89.1;60.8;1;3;2;5;1;2;64.3;53.6;55.2;44.8;0;4;13;15;3;1;0;0
13.05.2023;15:00:00;42164;Aston Villa;2;Tottenham Hotspur;1;48.7;51.3;8;5;4;2;4;2;0;1;85;85.3;3;1;8;3;2;9;72.7;43.8;42.9;57.1;1;2;9;14;3;3;0;0
13.05.2023;12:30:00;36955;Leeds United;2;Newcastle United;2;36.1;63.9;9;18;4;5;3;7;2;6;64.4;80.8;0;0;2;6;0;2;52.2;57.1;37.9;62.1;3;2;16;14;3;2;1;0
13.05.2023;15:00:00;28978;Southampton;0;Fulham;2;35.6;64.4;5;9;1;4;2;1;2;4;77.9;87.5;0;2;1;8;4;1;56.3;50;63.6;36.4;1;1;17;12;2;0;0;0
13.05.2023;15:00:00;73570;Manchester United;2;Wolverhampton Wanderers;0;48;52;27;5;9;0;11;5;7;0;81.8;80.4;4;0;11;7;0;1;61.5;87.5;53.3;46.7;0;8;9;9;3;2;0;0
13.05.2023;15:00:00;25034;Crystal Palace;2;Bournemouth;0;59.8;40.2;17;5;5;0;7;1;5;4;85.6;80.5;2;0;11;2;2;1;72.7;50;42.3;57.7;0;3;5;12;0;2;0;0
14.05.2023;14:00:00;17075;Brentford;2;West Ham United;0;53.1;46.9;24;4;10;4;9;0;5;0;81.2;79;5;0;7;5;3;3;55;81.8;48.6;51.4;4;7;5;5;1;0;0;0
14.05.2023;14:00:00;39376;Everton;0;Manchester City;3;36.8;63.2;7;9;3;4;3;3;1;2;85;91;1;1;8;6;1;0;68.8;71.4;50;50;1;2;12;4;1;0;0;0
14.05.2023;16:30:00;60139;Arsenal;0;Brighton and Hove Albion;3;40.9;59.1;14;12;2;6;8;5;4;1;76.7;83.4;1;2;5;2;1;4;30;60;42.1;57.9;3;2;13;17;1;2;0;0
15.05.2023;20:00:00;32225;Leicester City;0;Liverpool;3;33.1;66.9;4;16;4;5;0;6;0;5;69.5;85.3;1;3;4;4;3;4;47.2;66.7;52.2;47.8;2;4;11;17;2;1;0;0
18.05.2023;19:30:00;52122;Newcastle United;4;Brighton and Hove Albion;1;33.7;66.3;22;8;9;2;6;3;7;3;70.9;84.1;5;1;6;1;1;2;90.9;71.4;68.2;31.8;1;5;17;16;2;4;0;0
20.05.2023;15:00:00;24356;Fulham;2;Crystal Palace;2;49.5;50.5;11;11;4;5;3;3;4;3;75.3;78.4;2;1;7;4;2;2;43.8;33.3;52;48;3;2;13;12;3;0;0;0
20.05.2023;15:00:00;10240;Bournemouth;0;Manchester United;1;41.5;58.5;10;20;4;5;3;8;3;7;85.4;85.6;1;0;3;6;0;2;58.3;73.1;35;65;4;4;6;7;1;0;0;0
20.05.2023;12:30:00;61514;Tottenham Hotspur;1;Brentford;3;61.8;38.2;22;11;8;4;6;6;8;1;86.2;77.7;2;2;8;2;1;1;50;54.5;59.1;40.9;1;6;11;9;1;1;0;0
20.05.2023;17:30:00;29514;Nottingham Forest;1;Arsenal;0;18.3;81.7;6;11;2;3;3;7;1;1;49.7;89;0;0;3;6;1;1;66.7;37.5;25;75;3;1;11;12;3;2;0;0
20.05.2023;15:00:00;31684;Wolverhampton Wanderers;1;Everton;1;53.2;46.8;13;19;5;4;6;9;2;6;78.7;75.9;0;3;1;7;1;0;41.7;52.6;37.5;62.5;3;4;18;10;5;1;0;0
20.05.2023;15:00:00;53306;Liverpool;1;Aston Villa;1;66.3;33.7;10;6;5;3;1;2;4;1;84.3;66.7;1;2;9;4;4;1;61.1;51.7;65;35;2;4;16;13;3;5;0;0
21.05.2023;13:30:00;62478;West Ham United;3;Leeds United;1;58.8;41.2;19;12;9;3;4;6;6;3;80.9;72.9;4;0;9;5;1;1;72.7;60.9;73.9;26.1;2;6;6;11;1;3;0;0
21.05.2023;14:00:00;31507;Brighton and Hove Albion;3;Southampton;1;63;37;26;5;8;1;11;3;7;1;91.7;79.6;1;1;4;3;1;1;69.2;62.5;73.3;26.7;0;5;8;9;2;5;0;0
21.05.2023;16:00:00;53490;Manchester City;1;Chelsea;0;64.6;35.4;15;13;2;6;7;4;6;3;91.5;86.8;2;2;5;2;2;2;75;70.6;44.4;55.6;6;1;12;9;0;2;0;0
22.05.2023;20:00:00;52152;Newcastle United;0;Leicester City;0;77.6;22.4;23;1;4;1;13;0;6;0;89.5;58.9;1;0;12;1;1;0;33.3;47.1;59.4;40.6;1;3;9;5;2;0;0;0
24.05.2023;20:00:00;31388;Brighton and Hove Albion;1;Manchester City;1;39.6;60.4;20;13;7;4;6;6;7;3;84.2;89;2;3;5;1;2;0;50;33.3;42.9;57.1;3;6;16;11;2;1;0;0
25.05.2023;20:00:00;73561;Manchester United;4;Chelsea;1;41.1;58.9;18;14;9;5;4;5;5;4;84;90.4;4;3;3;4;0;0;52.6;61.9;33.3;66.7;4;5;12;6;1;1;0;0
28.05.2023;16:30:00;40130;Chelsea;1;Newcastle United;1;64.4;35.6;22;13;5;4;9;5;8;4;88.9;83.3;2;2;10;3;2;1;42.9;42.9;54.5;45.5;3;5;9;11;0;0;0;0
28.05.2023;16:30:00;25198;Crystal Palace;1;Nottingham Forest;1;66;34;15;7;3;4;8;2;4;1;85.7;69.9;1;0;5;4;2;2;40;52.6;58.3;41.7;3;2;9;13;0;2;0;0
28.05.2023;16:30:00;17120;Brentford;1;Manchester City;0;34.4;65.6;11;17;4;3;4;6;3;8;79.3;89.8;2;1;3;4;3;0;64.7;35.7;50;50;2;3;12;8;4;0;0;0
28.05.2023;16:30:00;60095;Arsenal;5;Wolverhampton Wanderers;0;51;49;14;6;8;0;4;4;2;2;89;88;3;0;8;4;1;0;82.4;44.4;47.8;52.2;0;3;8;11;0;0;0;0
28.05.2023;16:30:00;42212;Aston Villa;2;Brighton and Hove Albion;1;40.3;59.7;12;8;5;4;5;3;2;1;75.3;83.6;4;3;4;3;0;6;42.9;15.4;52.2;47.8;3;3;15;16;4;4;0;0
28.05.2023;16:30:00;73465;Manchester United;2;Fulham;1;53.2;46.8;21;10;8;3;7;6;6;1;84.2;84;4;2;5;4;1;1;78.9;66.7;46.4;53.6;2;6;14;10;1;2;0;0
28.05.2023;16:30:00;31129;Southampton;4;Liverpool;4;30.9;69.1;15;30;10;8;5;11;0;11;74.5;86.9;1;5;2;9;0;0;71.4;75;54.5;45.5;4;6;4;10;0;2;0;0
28.05.2023;16:30:00;32183;Leicester City;2;West Ham United;1;48.2;51.8;13;16;4;3;6;9;3;4;87.8;88.7;2;1;3;5;2;3;63.6;58.8;68.8;31.3;2;2;8;10;1;1;0;0
28.05.2023;16:30:00;39201;Everton;1;Bournemouth;0;37.8;62.2;13;7;6;2;5;3;2;2;73.1;83.9;0;0;9;3;0;1;50;58.3;53.8;46.2;1;5;11;12;1;3;0;0
28.05.2023;16:30:00;36871;Leeds United;1;Tottenham Hotspur;4;52.1;47.9;19;11;2;7;7;3;10;1;77.3;78;1;3;12;3;1;1;54.5;46.2;54.5;45.5;3;1;8;5;3;0;0;0
